average,max,min
1.454729228656443,2.984225223163195,0.3899473563744564
