time,voltage
10:01,1.4341039139391165
10:02,1.8304966811627372
10:03,0.3899473563744564
10:04,0.6348729686427099
10:05,2.984225223163195
